year,usda_rd_plant_billion_2022,ars_rd_outlays_billion_2022,nifa_csrees_rd_outlays_billion_2022,forest_rd_outlays_billion_2022,other_usda_rd_outlays_billion_2022,non_usda_university_ag_identified_billion_2022,identified_total_with_facilities_billion_2022,allocation_upper_with_facilities_billion_2022,allocation_note,definition_regime,brdpi_1950_100,deflator_status,hhs_university_billion_2022,nsf_university_billion_2022,other_non_usda_university_billion_2022,unallocated_assumed_non_usda_billion_2022,non_usda_total_as_displayed_billion_2022,state_appropriations_project_reports_billion_2022,federal_total_as_displayed_billion_2022,federal_plus_state_reported_billion_2022,state_coverage,state_display_status
2003,0.13243372824879673,1.7869953720844132,0.865119029988893,0.52457515734913,0.20467030729359495,0.4696306393928174,3.983424234,4.1926574852032585,Partial agency assignment; allocation endpoints are not statistical confidence bounds,2003–2009 predecessor,1080.4,actual,0.054849922436134756,0.09346897352832284,0.5305449946316183,0.20923325120325842,0.6788638905960758,,4.192657485560904,,No state value displayed; not zero,Hidden in federal chart; separately shown by project program and mechanism for 2004–2021
2004,0.18737872568267,1.822382473674817,0.8407169373549884,0.5405793325004462,0.1923533821167232,0.6836305529180796,4.267041404,4.306977945852579,Partial agency assignment; allocation endpoints are not statistical confidence bounds,2003–2009 predecessor,1120.6,actual,0.13481153114403,0.1602884049616277,0.42846715866500074,0.03993654185257878,0.7235670947706584,2.060292928646975,4.306977946100303,6.367270874747278,Reported project total; mixed activities; incomplete nonformula reporting 2010–2014,Hidden in federal chart; separately shown by project program and mechanism for 2004–2021
2005,0.23782150833190172,1.7828632537364713,0.8986141556433602,0.5187381893145507,0.2027069232090706,0.6131820582374162,4.253926088,4.266128406330184,Partial agency assignment; allocation endpoints are not statistical confidence bounds,2003–2009 predecessor,1164.2,actual,0.08231337588043292,0.15931327658477923,0.38375772410238784,0.012202318330183815,0.6253843765676,2.0070264573690086,4.266128406802954,6.273154864171962,Reported project total; mixed activities; incomplete nonformula reporting 2010–2014,Hidden in federal chart; separately shown by project program and mechanism for 2004–2021
2006,0.2822157458336754,1.7314317379525492,0.8939374435596422,0.5201922666447747,0.18763533371644367,0.6047395276249898,4.220152055,4.222977263439373,Partial agency assignment; allocation endpoints are not statistical confidence bounds,2003–2009 predecessor,1218.1,actual,0.10058626828667597,0.15335908726705527,0.3536193805106316,0.0028252084393729504,0.6075647360643628,2.0258222680105082,4.2229772637714476,6.248799531781955,Reported project total; mixed activities; incomplete nonformula reporting 2010–2014,Hidden in federal chart; separately shown by project program and mechanism for 2004–2021
2007,0.3174400506168934,1.6210017399557104,0.9141097753875357,0.4923260044289782,0.23220151850680165,0.5491022149636191,4.126181304,4.189629634117051,Partial agency assignment; allocation endpoints are not statistical confidence bounds,2003–2009 predecessor,1264.4,actual,0.09657525688073393,0.12324903891173679,0.3927262492881996,0.0634483301170512,0.6125505450806703,2.0037876068351785,4.1896296339765895,6.193417240811768,Reported project total; mixed activities; incomplete nonformula reporting 2010–2014,Hidden in federal chart; separately shown by project program and mechanism for 2004–2021
2008,0.2077926709482433,1.6132012089157537,0.8971588968643748,0.4745535323007178,0.17971258027956177,0.5146757698526634,3.887094659,3.9054899263970535,Partial agency assignment; allocation endpoints are not statistical confidence bounds,2003–2009 predecessor,1323.5,actual,0.09610130230449565,0.11503711144692104,0.32193262349830004,0.018395267397053328,0.5330710372497167,2.0449155850077827,3.905489926558368,5.950405511566151,Reported project total; mixed activities; incomplete nonformula reporting 2010–2014,Hidden in federal chart; separately shown by project program and mechanism for 2004–2021
2009,0.10230125523012554,1.5467949790794981,0.8647866108786612,0.4583096234309624,0.17050209205020922,0.483104719665272,3.62579928,3.648958920167364,Partial agency assignment; allocation endpoints are not statistical confidence bounds,2003–2009 predecessor,1362.3,actual,0.09041794142259416,0.10230398326359834,0.31354243514644364,0.02315964016736416,0.5062643598326362,1.9278041017740588,3.6489589205020927,5.576763022276151,Reported project total; mixed activities; incomplete nonformula reporting 2010–2014,Hidden in federal chart; separately shown by project program and mechanism for 2004–2021
2010,0.166797178884377,1.5885445608035906,0.8101577260098312,0.48053472964308613,0.17738747595640095,0.5694971964094893,3.792918868,3.792918868,HERD standard-form agency detail,2010-2015,1403.7,actual,0.11322748493267792,0.12598349775593076,0.3302862137208806,0,0.5694971964094893,1.5753425045244713,3.792918867706775,5.368261372231246,Reported project total; mixed activities; incomplete nonformula reporting 2010–2014,Hidden in federal chart; separately shown by project program and mechanism for 2004–2021
2011,0.1531448161230002,1.4954140868481196,0.841653023062539,0.45428672345730314,0.16987492208601704,0.6127156792021609,3.727089251,3.727089251,HERD standard-form agency detail,2010-2015,1443.9,actual,0.1253908572615832,0.13699640307500519,0.35032841886557253,0,0.6127156792021609,1.4537510190309577,3.72708925077914,5.180840269810098,Reported project total; mixed activities; incomplete nonformula reporting 2010–2014,Hidden in federal chart; separately shown by project program and mechanism for 2004–2021
2012,0.08894556892778993,1.3913628282275712,0.8983502461706783,0.45108109956236325,0.16899658096280087,0.6619659608862144,3.660702285,3.660702285,HERD standard-form agency detail,2010-2015,1462.4,actual,0.12054665891684901,0.14472333520240702,0.3966959667669584,0,0.6619659608862144,1.404007472619256,3.660702284737418,5.064709757356674,Reported project total; mixed activities; incomplete nonformula reporting 2010–2014,Hidden in federal chart; separately shown by project program and mechanism for 2004–2021
2013,0.029934756343133306,1.3358385018123238,0.8581296818364882,0.42657027788964963,0.16339387837293598,0.6307315525573903,3.444598649,3.444598649,HERD standard-form agency detail,2010-2015,1489.8,actual,0.11348141401530408,0.14710438179621427,0.37014575674587197,0,0.6307315525573903,1.323116857749094,3.444598648811921,4.767715506561015,Reported project total; mixed activities; incomplete nonformula reporting 2010–2014,Hidden in federal chart; separately shown by project program and mechanism for 2004–2021
2014,0.0232000262846629,1.2515803653568143,1.0061485083453805,0.4029478249441451,0.17338967012748063,0.5753093675910107,3.432575763,3.432575763,HERD standard-form agency detail,2010-2015,1521.8,actual,0.09004662833486661,0.14364967853857277,0.34161306071757136,0,0.5753093675910107,1.2628079621285824,3.432575762649494,4.695383724778076,Reported project total; mixed activities; incomplete nonformula reporting 2010–2014,Hidden in federal chart; separately shown by project program and mechanism for 2004–2021
2015,0.02273832678559928,1.288904102531075,0.9238941199201391,0.402109357892703,0.1615617955818896,0.5499120722612224,3.349119775,3.349119775,HERD standard-form agency detail,2010-2015,1552.7,actual,0.08387929400399304,0.1327367777419978,0.33329600051523156,0,0.5499120722612224,1.343884921106356,3.3491197749726282,4.693004696078984,Reported project total; mixed activities; incomplete nonformula reporting 2010–2014,Hidden in federal chart; separately shown by project program and mechanism for 2004–2021
2016,0.024596407185628746,1.3094658682634732,0.9346634730538923,0.39354251497005993,0.1862299401197605,0.41169466347305395,3.260192867,3.260192867,HERD standard-form agency detail,2016-2019,1586.5,actual,0.0770933389221557,0.09936597125748503,0.23523535329341322,0,0.41169466347305395,1.2635917197863722,3.260192867065869,4.523784586852241,Reported project total; mixed activities; incomplete nonformula reporting 2010–2014,Hidden in federal chart; separately shown by project program and mechanism for 2004–2021
2017,0.017124162929286726,1.3117108803833633,0.8059772685384285,0.38129802789211775,0.1609671315352952,0.4045606324261228,3.081638104,3.081638104,HERD standard-form agency detail,2016-2019,1627.7,actual,0.06804114898322787,0.0937696329790502,0.2427498504638447,0,0.4045606324261228,1.3873732144177806,3.081638103704614,4.469011318122394,Reported project total; mixed activities; incomplete nonformula reporting 2010–2014,Hidden in federal chart; separately shown by project program and mechanism for 2004–2021
2018,0.04343930947671282,1.2263251213810464,0.8186639093688185,0.3642219025355152,0.161505124977522,0.3580936184139543,2.972248986,2.972248986,HERD standard-form agency detail,2016-2019,1668.3,actual,0.068207512677576,0.08897484409278907,0.20091126164358925,0,0.3580936184139543,1.274799997968773,2.9722489861535695,4.247048984122342,Reported project total; mixed activities; incomplete nonformula reporting 2010–2014,Hidden in federal chart; separately shown by project program and mechanism for 2004–2021
2019,0.05344670110354544,1.2543613524301482,0.9642221178680443,0.35231192768255465,0.1537956092979573,0.350455472880958,3.128593181,3.128593181,HERD standard-form agency detail,2016-2019,1703.6,actual,0.0654667551068326,0.08768094928386945,0.197307768490256,0,0.350455472880958,1.151958301899568,3.128593181263208,4.2805514831627764,Reported project total; mixed activities; incomplete nonformula reporting 2010–2014,Hidden in federal chart; separately shown by project program and mechanism for 2004–2021
2020,0.08039979231568016,1.3550044998269297,0.7911339563862928,0.3398231221876082,0.15007961232260297,0.4072463880235375,3.123687371,3.123687371,HERD standard-form agency detail,2020-2024,1733.4,actual,0.14999170854967117,0.08044481619937695,0.17680986327448944,0,0.4072463880235375,1.091757829816045,3.123687371062651,4.215445200878696,Reported project total; mixed activities; incomplete nonformula reporting 2010–2014,Hidden in federal chart; separately shown by project program and mechanism for 2004–2021
2021,0.11609174311926605,1.441211009174312,0.8147339449541284,0.30330275229357795,0.152697247706422,0.3904468623853211,3.21848356,3.21848356,HERD standard-form agency detail,2020-2024,1776.7,actual,0.1476383669724771,0.06912792660550458,0.17368056880733945,0,0.3904468623853211,1.0243534848429359,3.2184835596330275,4.242837044475963,Reported project total; mixed activities; incomplete nonformula reporting 2010–2014,Hidden in federal chart; separately shown by project program and mechanism for 2004–2021
2022,0.109,1.494,0.908,0.297,0.15,0.431436,3.389436,3.389436,HERD standard-form agency detail,2020-2024,1858.2,actual,0.16025299999999998,0.08208599999999999,0.18909700000000002,0,0.431436,,3.3894360000000003,,No state value displayed; not zero,Hidden in federal chart; separately shown by project program and mechanism for 2004–2021
2023,0.10689826379891164,1.6005848147188393,0.877336201088365,0.2956555584348277,0.17238548846851517,0.49001778906452453,3.542878116,3.542878116,HERD standard-form agency detail,2020-2024,1929.5,actual,0.1941667320031096,0.09528198579942992,0.20056907126198498,0,0.49001778906452453,,3.5428781155739832,,No state value displayed; not zero,Hidden in federal chart; separately shown by project program and mechanism for 2004–2021
2024,0.10323333333333333,1.6666138138138138,0.93003003003003,0.3069099099099099,0.2325075075075075,0.5518798198198198,3.791174414,3.791174414,HERD standard-form agency detail,2020-2024,1998.0,preliminary,0.20373330840840842,0.09582471411411413,0.25232179729729726,0,0.5518798198198198,,3.7911744144144146,,No state value displayed; not zero,Hidden in federal chart; separately shown by project program and mechanism for 2004–2021
