year,sponsoring_agency,funding_mechanism,units,annual_records,Award Amount,Award Amount blank_records,Total All Funds,Total All Funds blank_records,Total NIFA Funds,Total NIFA Funds blank_records,Total Other Federal Funds,Total Other Federal Funds blank_records,Total Non-Federal Funds,Total Non-Federal Funds blank_records,Hatch Funds,Hatch Funds blank_records,Multistate Funds,Multistate Funds blank_records,Mc-Stennis Funds,Mc-Stennis Funds blank_records,"NIFA Contracts, Grants, Coop Agmt","NIFA Contracts, Grants, Coop Agmt blank_records","Other NIFA (inc AH Sec1433, Evans-Allen)","Other NIFA (inc AH Sec1433, Evans-Allen) blank_records","USDA Contracts, Grants, Coop Agmt","USDA Contracts, Grants, Coop Agmt blank_records",NSF Funds,NSF Funds blank_records,DOE Funds,DOE Funds blank_records,USAID Funds,USAID Funds blank_records,DOD Funds,DOD Funds blank_records,NIH Funds,NIH Funds blank_records,PHS Funds,PHS Funds blank_records,HHS Funds,HHS Funds blank_records,NASA Funds,NASA Funds blank_records,Tenn Valley Authority,Tenn Valley Authority blank_records,Other Federal Funds & Reimbursable Agmts,Other Federal Funds & Reimbursable Agmts blank_records,State Appropriations,State Appropriations blank_records,Self-Generated Funds,Self-Generated Funds blank_records,Industry Funds,Industry Funds blank_records,Other Non-Federal Funds,Other Non-Federal Funds blank_records
2004,Agricultural Research Service/USDA,Other USDA Funding,nominal dollars,2106.0,0.0,0.0,27192090.0,0.0,0.0,0.0,27192090.0,0.0,0.0,0.0,0.0,0.0,0.0,0.0,0.0,0.0,0.0,0.0,0.0,0.0,0.0,0.0,0.0,0.0,0.0,0.0,0.0,0.0,0.0,0.0,0.0,0.0,0.0,0.0,0.0,0.0,0.0,0.0,0.0,0.0,27192090.0,0.0,0.0,0.0,0.0,0.0,0.0,0.0,0.0,0.0
2004,Cooperating Schools of Veterinary Medicine,State Funding,nominal dollars,479.0,0.0,0.0,96834064.0,0.0,0.0,0.0,47876634.0,0.0,48957430.0,0.0,0.0,0.0,0.0,0.0,0.0,0.0,0.0,0.0,0.0,0.0,726005.0,0.0,363745.0,0.0,205553.0,0.0,498493.0,0.0,195386.0,0.0,32004720.0,0.0,18546.0,0.0,11843911.0,0.0,0.0,0.0,0.0,0.0,2020275.0,0.0,20346467.0,0.0,6580695.0,0.0,8218080.0,0.0,13812188.0,0.0
2004,Economic Research Service/USDA,Other USDA Funding,nominal dollars,250.0,0.0,0.0,0.0,0.0,0.0,0.0,0.0,0.0,0.0,0.0,0.0,0.0,0.0,0.0,0.0,0.0,0.0,0.0,0.0,0.0,0.0,0.0,0.0,0.0,0.0,0.0,0.0,0.0,0.0,0.0,0.0,0.0,0.0,0.0,0.0,0.0,0.0,0.0,0.0,0.0,0.0,0.0,0.0,0.0,0.0,0.0,0.0,0.0,0.0,0.0
2004,National Institute of Food and Agriculture,NIFA Formula,nominal dollars,8705.0,0.0,0.0,1978285746.0,0.0,215020573.0,0.0,453738883.0,0.0,1309526290.0,0.0,123076923.0,0.0,39483360.0,0.0,19419314.0,0.0,0.0,0.0,33040976.0,0.0,91841241.0,0.0,81799960.0,0.0,19371991.0,0.0,7297278.0,0.0,12761163.0,0.0,80453070.0,0.0,13013831.0,0.0,36164393.0,0.0,12538532.0,0.0,129437.0,0.0,98367987.0,0.0,882469793.0,0.0,107502308.0,0.0,183519145.0,0.0,136035044.0,0.0
2004,National Institute of Food and Agriculture,NIFA Non Formula,nominal dollars,3032.0,159985198.41000003,0.0,457054480.0,0.0,296504874.0,0.0,36734125.0,0.0,123815481.0,0.0,0.0,0.0,0.0,0.0,0.0,0.0,296504874.0,0.0,0.0,0.0,8647633.0,0.0,6377878.0,0.0,1070839.0,0.0,1573186.0,0.0,2975305.0,0.0,3323576.0,0.0,9790.0,0.0,2077375.0,0.0,692690.0,0.0,0.0,0.0,9985853.0,0.0,90270256.0,0.0,8853080.0,0.0,12718420.0,0.0,11973725.0,0.0
2004,Other Cooperating Institutions,State Funding,nominal dollars,288.0,0.0,0.0,26481924.0,0.0,0.0,0.0,11574760.0,0.0,14907164.0,0.0,0.0,0.0,0.0,0.0,0.0,0.0,0.0,0.0,0.0,0.0,5361055.0,0.0,1605000.0,0.0,0.0,0.0,0.0,0.0,480098.0,0.0,0.0,0.0,0.0,0.0,0.0,0.0,1118230.0,0.0,0.0,0.0,3010377.0,0.0,8303874.0,0.0,2421273.0,0.0,2282460.0,0.0,1899557.0,0.0
2004,State Agricultural Experiment Station,State Funding,nominal dollars,1858.0,0.0,0.0,651523140.0,0.0,0.0,0.0,252958157.0,0.0,398564983.0,0.0,0.0,0.0,0.0,0.0,0.0,0.0,0.0,0.0,0.0,0.0,29636895.0,0.0,29121480.0,0.0,2346120.0,0.0,17921649.0,0.0,4979456.0,0.0,98464768.0,0.0,381508.0,0.0,34403073.0,0.0,3070383.0,0.0,0.0,0.0,32632827.0,0.0,241083109.0,0.0,60168027.0,0.0,40256682.0,0.0,57057165.0,0.0
2005,Agricultural Research Service/USDA,Other USDA Funding,nominal dollars,2149.0,0.0,0.0,27833586.0,0.0,0.0,0.0,27833586.0,0.0,0.0,0.0,0.0,0.0,0.0,0.0,0.0,0.0,0.0,0.0,0.0,0.0,0.0,0.0,0.0,0.0,0.0,0.0,0.0,0.0,0.0,0.0,0.0,0.0,0.0,0.0,0.0,0.0,0.0,0.0,0.0,0.0,27833586.0,0.0,0.0,0.0,0.0,0.0,0.0,0.0,0.0,0.0
2005,Cooperating Schools of Veterinary Medicine,State Funding,nominal dollars,458.0,0.0,0.0,115665315.0,0.0,0.0,0.0,72010339.0,0.0,43654976.0,0.0,0.0,0.0,0.0,0.0,0.0,0.0,0.0,0.0,0.0,0.0,784780.0,0.0,422063.0,0.0,0.0,0.0,35135.0,0.0,590778.0,0.0,41235448.0,0.0,6239261.0,0.0,15185293.0,0.0,0.0,0.0,0.0,0.0,7517581.0,0.0,13828575.0,0.0,2440894.0,0.0,9904936.0,0.0,17480571.0,0.0
2005,Economic Research Service/USDA,Other USDA Funding,nominal dollars,213.0,0.0,0.0,0.0,0.0,0.0,0.0,0.0,0.0,0.0,0.0,0.0,0.0,0.0,0.0,0.0,0.0,0.0,0.0,0.0,0.0,0.0,0.0,0.0,0.0,0.0,0.0,0.0,0.0,0.0,0.0,0.0,0.0,0.0,0.0,0.0,0.0,0.0,0.0,0.0,0.0,0.0,0.0,0.0,0.0,0.0,0.0,0.0,0.0,0.0,0.0
2005,Forest Service/USDA,Other USDA Funding,nominal dollars,395.0,0.0,0.0,15970631.0,0.0,0.0,0.0,15970631.0,0.0,0.0,0.0,0.0,0.0,0.0,0.0,0.0,0.0,0.0,0.0,0.0,0.0,0.0,0.0,0.0,0.0,2835681.0,0.0,0.0,0.0,419754.0,0.0,0.0,0.0,0.0,0.0,0.0,0.0,902084.0,0.0,0.0,0.0,11813112.0,0.0,0.0,0.0,0.0,0.0,0.0,0.0,0.0,0.0
2005,National Institute of Food and Agriculture,NIFA Formula,nominal dollars,8748.0,0.0,0.0,2035071002.0,0.0,221545777.0,0.0,463000271.0,0.0,1350524954.0,0.0,125983949.0,0.0,39507320.0,0.0,20326457.0,0.0,0.0,0.0,35728051.0,0.0,92181878.0,0.0,88234881.0,0.0,16965842.0,0.0,6477781.0,0.0,16122530.0,0.0,80630558.0,0.0,9781666.0,0.0,51120769.0,0.0,12132197.0,0.0,398175.0,0.0,88953993.0,0.0,911695993.0,0.0,113912137.0,0.0,178290651.0,0.0,146626172.0,0.0
2005,National Institute of Food and Agriculture,NIFA Non Formula,nominal dollars,3185.0,220596152.54,0.0,474454209.0,0.0,298839598.0,0.0,48311744.0,0.0,127302867.0,0.0,0.0,0.0,0.0,0.0,0.0,0.0,298839598.0,0.0,0.0,0.0,8357333.0,0.0,4117906.0,0.0,3741863.0,0.0,646367.0,0.0,1998285.0,0.0,5307416.0,0.0,216602.0,0.0,2464330.0,0.0,721206.0,0.0,0.0,0.0,20740436.0,0.0,85661993.0,0.0,10980249.0,0.0,12386085.0,0.0,18274540.0,0.0
2005,Other Cooperating Institutions,State Funding,nominal dollars,307.0,0.0,0.0,26567100.0,0.0,0.0,0.0,11929714.0,0.0,14637386.0,0.0,0.0,0.0,0.0,0.0,0.0,0.0,0.0,0.0,0.0,0.0,5929581.0,0.0,1693425.0,0.0,105912.0,0.0,0.0,0.0,402799.0,0.0,0.0,0.0,0.0,0.0,0.0,0.0,1180135.0,0.0,15000.0,0.0,2602862.0,0.0,7773270.0,0.0,2959672.0,0.0,1170996.0,0.0,2733448.0,0.0
2005,State Agricultural Experiment Station,State Funding,nominal dollars,1896.0,0.0,0.0,636724220.0,0.0,0.0,0.0,223421674.0,0.0,413302547.0,0.0,0.0,0.0,0.0,0.0,0.0,0.0,0.0,0.0,0.0,0.0,34623353.0,0.0,32435713.0,0.0,5005503.0,0.0,18430725.0,0.0,3409343.0,0.0,48713239.0,0.0,368381.0,0.0,37704135.0,0.0,3337134.0,0.0,380516.0,0.0,39013632.0,0.0,238482964.0,0.0,58735985.0,0.0,44355100.0,0.0,71728498.0,0.0
2006,Agricultural Research Service/USDA,Other USDA Funding,nominal dollars,1914.0,0.0,0.0,15248528.0,0.0,0.0,0.0,15248528.0,0.0,0.0,0.0,0.0,0.0,0.0,0.0,0.0,0.0,0.0,0.0,0.0,0.0,0.0,0.0,0.0,0.0,0.0,0.0,0.0,0.0,0.0,0.0,0.0,0.0,0.0,0.0,0.0,0.0,0.0,0.0,0.0,0.0,15248528.0,0.0,0.0,0.0,0.0,0.0,0.0,0.0,0.0,0.0
2006,Cooperating Schools of Veterinary Medicine,State Funding,nominal dollars,447.0,0.0,0.0,94918542.0,0.0,0.0,0.0,56398498.0,0.0,38520044.0,0.0,0.0,0.0,0.0,0.0,0.0,0.0,0.0,0.0,0.0,0.0,2796660.0,0.0,247329.0,0.0,175585.0,0.0,0.0,0.0,596555.0,0.0,35567968.0,0.0,3130502.0,0.0,12506441.0,0.0,0.0,0.0,0.0,0.0,1377458.0,0.0,14176757.0,0.0,6575381.0,0.0,7914483.0,0.0,9853423.0,0.0
2006,Economic Research Service/USDA,Other USDA Funding,nominal dollars,163.0,0.0,0.0,0.0,0.0,0.0,0.0,0.0,0.0,0.0,0.0,0.0,0.0,0.0,0.0,0.0,0.0,0.0,0.0,0.0,0.0,0.0,0.0,0.0,0.0,0.0,0.0,0.0,0.0,0.0,0.0,0.0,0.0,0.0,0.0,0.0,0.0,0.0,0.0,0.0,0.0,0.0,0.0,0.0,0.0,0.0,0.0,0.0,0.0,0.0,0.0
2006,Forest Service/USDA,Other USDA Funding,nominal dollars,350.0,0.0,0.0,14445835.0,0.0,0.0,0.0,14445835.0,0.0,0.0,0.0,0.0,0.0,0.0,0.0,0.0,0.0,0.0,0.0,0.0,0.0,0.0,0.0,0.0,0.0,857916.0,0.0,0.0,0.0,776095.0,0.0,0.0,0.0,0.0,0.0,0.0,0.0,410040.0,0.0,0.0,0.0,12401784.0,0.0,0.0,0.0,0.0,0.0,0.0,0.0,0.0,0.0
2006,National Institute of Food and Agriculture,NIFA Formula,nominal dollars,8484.0,0.0,0.0,2098566302.0,0.0,218741757.0,0.0,486349184.0,0.0,1393475362.0,0.0,125446402.0,0.0,39147108.0,0.0,20780707.0,0.0,0.0,0.0,33367540.0,0.0,94450341.0,0.0,83418722.0,0.0,18084364.0,0.0,5839624.0,0.0,16819556.0,0.0,90759421.0,0.0,8012939.0,0.0,60621475.0,0.0,11668478.0,0.0,370638.0,0.0,96303625.0,0.0,941015610.0,0.0,127312078.0,0.0,179556498.0,0.0,145591175.0,0.0
2006,National Institute of Food and Agriculture,NIFA Non Formula,nominal dollars,3120.0,202553859.91,0.0,487351478.0,0.0,301814470.0,0.0,47939545.0,0.0,137597463.0,0.0,0.0,0.0,0.0,0.0,0.0,0.0,301814470.0,0.0,0.0,0.0,12135538.0,0.0,9504150.0,0.0,2678652.0,0.0,1041512.0,0.0,1081614.0,0.0,7189797.0,0.0,462496.0,0.0,2073170.0,0.0,1144419.0,0.0,0.0,0.0,10628197.0,0.0,92251167.0,0.0,10518994.0,0.0,15656300.0,0.0,19171002.0,0.0
2006,Other Cooperating Institutions,State Funding,nominal dollars,309.0,0.0,0.0,29401136.0,0.0,0.0,0.0,12156223.0,0.0,17244913.0,0.0,0.0,0.0,0.0,0.0,0.0,0.0,0.0,0.0,0.0,0.0,5174357.0,0.0,1622344.0,0.0,209080.0,0.0,0.0,0.0,379846.0,0.0,130054.0,0.0,0.0,0.0,0.0,0.0,1317820.0,0.0,3150.0,0.0,3319572.0,0.0,11271401.0,0.0,592855.0,0.0,1687977.0,0.0,3692680.0,0.0
2006,State Agricultural Experiment Station,State Funding,nominal dollars,2011.0,0.0,0.0,978495696.0,0.0,0.0,0.0,506891377.0,0.0,471604318.0,0.0,0.0,0.0,0.0,0.0,0.0,0.0,0.0,0.0,0.0,0.0,34449317.0,0.0,38570335.0,0.0,6981621.0,0.0,16620577.0,0.0,4595715.0,0.0,323389865.0,0.0,211627.0,0.0,41024260.0,0.0,2474371.0,0.0,0.0,0.0,38573696.0,0.0,269265963.0,0.0,76481465.0,0.0,46286809.0,0.0,79570081.0,0.0
2007,Cooperating Schools of Veterinary Medicine,State Funding,nominal dollars,404.0,0.0,0.0,87018921.0,0.0,0.0,0.0,55186217.0,0.0,31832704.0,0.0,0.0,0.0,0.0,0.0,0.0,0.0,0.0,0.0,0.0,0.0,1638449.0,0.0,221129.0,0.0,0.0,0.0,0.0,0.0,234940.0,0.0,31926264.0,0.0,0.0,0.0,15877846.0,0.0,110240.0,0.0,0.0,0.0,5177349.0,0.0,13600377.0,0.0,3444616.0,0.0,6904149.0,0.0,7883562.0,0.0
2007,National Institute of Food and Agriculture,NIFA Formula,nominal dollars,8406.0,0.0,0.0,2166361829.0,0.0,258127472.0,0.0,464423375.0,0.0,1443810979.0,0.0,149190245.0,0.0,47968168.0,0.0,27518972.0,0.0,0.0,0.0,33450087.0,0.0,95971343.0,0.0,78841865.0,0.0,14934020.0,0.0,4640757.0,0.0,16289971.0,0.0,88407364.0,0.0,4049084.0,0.0,66811171.0,0.0,9768568.0,0.0,283414.0,0.0,84425820.0,0.0,965293529.0,0.0,127140157.0,0.0,188732834.0,0.0,162644460.0,0.0
2007,National Institute of Food and Agriculture,NIFA Non Formula,nominal dollars,2881.0,147373006.24,0.0,449830947.0,0.0,284498396.0,0.0,38533991.0,0.0,126798560.0,0.0,0.0,0.0,0.0,0.0,0.0,0.0,284498396.0,0.0,0.0,0.0,10811536.0,0.0,7599030.0,0.0,4012867.0,0.0,1453847.0,0.0,1955659.0,0.0,5051943.0,0.0,0.0,0.0,1538963.0,0.0,245117.0,0.0,0.0,0.0,5865029.0,0.0,86879811.0,0.0,14251900.0,0.0,13524987.0,0.0,12141862.0,0.0
2007,Other Cooperating Institutions,State Funding,nominal dollars,249.0,0.0,0.0,26668927.0,0.0,0.0,0.0,9553903.0,0.0,17115024.0,0.0,0.0,0.0,0.0,0.0,0.0,0.0,0.0,0.0,0.0,0.0,3596420.0,0.0,717823.0,0.0,0.0,0.0,0.0,0.0,86796.0,0.0,503473.0,0.0,0.0,0.0,0.0,0.0,1137933.0,0.0,0.0,0.0,3511458.0,0.0,9773382.0,0.0,897039.0,0.0,1409936.0,0.0,5034667.0,0.0
2007,State Agricultural Experiment Station,State Funding,nominal dollars,1963.0,0.0,0.0,1039608733.0,0.0,0.0,0.0,537885232.0,0.0,501723501.0,0.0,0.0,0.0,0.0,0.0,0.0,0.0,0.0,0.0,0.0,0.0,33370984.0,0.0,37967394.0,0.0,8775056.0,0.0,17141225.0,0.0,6449220.0,0.0,353148222.0,0.0,119277.0,0.0,38681509.0,0.0,2276202.0,0.0,0.0,0.0,39956135.0,0.0,287917033.0,0.0,82403120.0,0.0,50604839.0,0.0,80798509.0,0.0
2008,Cooperating Schools of Veterinary Medicine,State Funding,nominal dollars,389.0,0.0,0.0,86868085.0,0.0,0.0,0.0,58401665.0,0.0,28466420.0,0.0,0.0,0.0,0.0,0.0,0.0,0.0,0.0,0.0,0.0,0.0,1979147.0,0.0,339165.0,0.0,21147.0,0.0,105321.0,0.0,93182.0,0.0,37078596.0,0.0,0.0,0.0,15165218.0,0.0,331941.0,0.0,89297.0,0.0,3198651.0,0.0,11601478.0,0.0,3775334.0,0.0,5572827.0,0.0,7516781.0,0.0
2008,National Institute of Food and Agriculture,NIFA Formula,nominal dollars,8544.0,0.0,0.0,2355770909.0,0.0,300524492.0,0.0,477877557.0,0.0,1577368862.0,0.0,186083582.0,0.0,58682744.0,0.0,23569371.0,0.0,0.0,0.0,32188795.0,0.0,110414927.0,0.0,80206084.0,0.0,19708488.0,0.0,3345999.0,0.0,12552397.0,0.0,90305452.0,0.0,3388380.0,0.0,64370984.0,0.0,8280894.0,0.0,205675.0,0.0,85098276.0,0.0,1059835201.0,0.0,138318181.0,0.0,197776962.0,0.0,181438518.0,0.0
2008,National Institute of Food and Agriculture,NIFA Non Formula,nominal dollars,2935.0,209999239.76999998,0.0,414794368.0,0.0,257056798.0,0.0,34869026.0,0.0,122868544.0,0.0,0.0,0.0,0.0,0.0,0.0,0.0,257056798.0,0.0,0.0,0.0,12515685.0,0.0,5644234.0,0.0,1503291.0,0.0,232626.0,0.0,976929.0,0.0,4483551.0,0.0,258077.0,0.0,1513631.0,0.0,433024.0,0.0,28818.0,0.0,7279160.0,0.0,82223703.0,0.0,13384958.0,0.0,15212524.0,0.0,12047359.0,0.0
2008,Other Cooperating Institutions,State Funding,nominal dollars,204.0,0.0,0.0,22154139.0,0.0,0.0,0.0,7171561.0,0.0,14982578.0,0.0,0.0,0.0,0.0,0.0,0.0,0.0,0.0,0.0,0.0,0.0,3101699.0,0.0,410275.0,0.0,44689.0,0.0,0.0,0.0,152134.0,0.0,400759.0,0.0,0.0,0.0,0.0,0.0,460553.0,0.0,0.0,0.0,2601452.0,0.0,8676496.0,0.0,628590.0,0.0,1241214.0,0.0,4436278.0,0.0
2008,State Agricultural Experiment Station,State Funding,nominal dollars,1984.0,0.0,0.0,1052688336.0,0.0,0.0,0.0,533471467.0,0.0,519216869.0,0.0,0.0,0.0,0.0,0.0,0.0,0.0,0.0,0.0,0.0,0.0,29981307.0,0.0,31174977.0,0.0,18256513.0,0.0,12749984.0,0.0,7497208.0,0.0,356595624.0,0.0,107362.0,0.0,34123322.0,0.0,1878377.0,0.0,0.0,0.0,41106795.0,0.0,294151001.0,0.0,82612293.0,0.0,61288194.0,0.0,81165381.0,0.0
2009,Cooperating Schools of Veterinary Medicine,State Funding,nominal dollars,335.0,0.0,0.0,90608602.0,0.0,0.0,0.0,46936459.0,0.0,43672143.0,0.0,0.0,0.0,0.0,0.0,0.0,0.0,0.0,0.0,0.0,0.0,1757267.0,0.0,27482.0,0.0,0.0,0.0,832656.0,0.0,146798.0,0.0,26928487.0,0.0,0.0,0.0,16376127.0,0.0,736480.0,0.0,0.0,0.0,131162.0,0.0,21676268.0,0.0,6837820.0,0.0,3223505.0,0.0,11934550.0,0.0
2009,National Institute of Food and Agriculture,NIFA Formula,nominal dollars,8653.0,0.0,0.0,2339826148.0,0.0,251691064.0,0.0,503888715.0,0.0,1584246369.0,0.0,142099338.0,0.0,44545537.0,0.0,25139847.0,0.0,0.0,0.0,39906342.0,0.0,104692978.0,0.0,79847517.0,0.0,22826253.0,0.0,3563846.0,0.0,11731187.0,0.0,88360412.0,0.0,3976525.0,0.0,73315045.0,0.0,10405700.0,0.0,297008.0,0.0,104872246.0,0.0,1023862549.0,0.0,148691917.0,0.0,216236658.0,0.0,195455244.0,0.0
2009,National Institute of Food and Agriculture,NIFA Non Formula,nominal dollars,3037.0,200537997.53,0.0,469335082.0,0.0,307092832.0,0.0,31106393.0,0.0,131135857.0,0.0,0.0,0.0,0.0,0.0,0.0,0.0,307092832.0,0.0,0.0,0.0,10019730.0,0.0,6693189.0,0.0,1924726.0,0.0,237117.0,0.0,448211.0,0.0,2813868.0,0.0,278941.0,0.0,1028004.0,0.0,456865.0,0.0,284362.0,0.0,6921380.0,0.0,83024391.0,0.0,17913887.0,0.0,14511011.0,0.0,15686568.0,0.0
2009,Other Cooperating Institutions,State Funding,nominal dollars,174.0,0.0,0.0,19104200.0,0.0,0.0,0.0,5832599.0,0.0,13271601.0,0.0,0.0,0.0,0.0,0.0,0.0,0.0,0.0,0.0,0.0,0.0,3000574.0,0.0,154527.0,0.0,56929.0,0.0,0.0,0.0,32543.0,0.0,190041.0,0.0,0.0,0.0,0.0,0.0,479353.0,0.0,0.0,0.0,1918632.0,0.0,6966811.0,0.0,428886.0,0.0,1205280.0,0.0,4670624.0,0.0
2009,State Agricultural Experiment Station,State Funding,nominal dollars,1983.0,0.0,0.0,750657408.0,0.0,0.0,0.0,251469326.0,0.0,499188083.0,0.0,0.0,0.0,0.0,0.0,0.0,0.0,0.0,0.0,0.0,0.0,35651873.0,0.0,33966721.0,0.0,17079651.0,0.0,12341993.0,0.0,4701881.0,0.0,63167566.0,0.0,77843.0,0.0,34656682.0,0.0,1602291.0,0.0,0.0,0.0,48222824.0,0.0,277798755.0,0.0,79847472.0,0.0,60785911.0,0.0,80755945.0,0.0
2010,Cooperating Schools of Veterinary Medicine,State Funding,nominal dollars,249.0,0.0,0.0,47756044.0,0.0,0.0,0.0,25638429.0,0.0,22117615.0,0.0,0.0,0.0,0.0,0.0,0.0,0.0,0.0,0.0,0.0,0.0,2054930.0,0.0,0.0,0.0,0.0,0.0,0.0,0.0,579674.0,0.0,14344013.0,0.0,0.0,0.0,7500230.0,0.0,179900.0,0.0,0.0,0.0,979682.0,0.0,11215539.0,0.0,812423.0,0.0,2578622.0,0.0,7511031.0,0.0
2010,National Institute of Food and Agriculture,NIFA Formula,nominal dollars,8401.0,0.0,0.0,2306891633.0,0.0,253577827.0,0.0,532105224.0,0.0,1521208582.0,0.0,143615114.0,0.0,44601140.0,0.0,24607436.0,0.0,0.0,0.0,40754137.0,0.0,123981092.0,0.0,93427381.0,0.0,24829689.0,0.0,5898304.0,0.0,13277171.0,0.0,88568725.0,0.0,973757.0,0.0,79244820.0,0.0,5818958.0,0.0,58582.0,0.0,96026743.0,0.0,967588161.0,0.0,140240310.0,0.0,225040224.0,0.0,188339889.0,0.0
2010,Other Cooperating Institutions,State Funding,nominal dollars,135.0,0.0,0.0,10175649.0,0.0,0.0,0.0,3928232.0,0.0,6247417.0,0.0,0.0,0.0,0.0,0.0,0.0,0.0,0.0,0.0,0.0,0.0,2088926.0,0.0,76827.0,0.0,0.0,0.0,0.0,0.0,11620.0,0.0,0.0,0.0,0.0,0.0,0.0,0.0,488607.0,0.0,0.0,0.0,1262252.0,0.0,3881061.0,0.0,439600.0,0.0,255342.0,0.0,1671414.0,0.0
2010,State Agricultural Experiment Station,State Funding,nominal dollars,1252.0,0.0,0.0,488281815.0,0.0,0.0,0.0,149469054.0,0.0,338812761.0,0.0,0.0,0.0,0.0,0.0,0.0,0.0,0.0,0.0,0.0,0.0,37419793.0,0.0,11864185.0,0.0,8310530.0,0.0,5653137.0,0.0,1937002.0,0.0,39929985.0,0.0,95260.0,0.0,14464320.0,0.0,754207.0,0.0,84131.0,0.0,28956504.0,0.0,207342294.0,0.0,64256851.0,0.0,24932297.0,0.0,42281319.0,0.0
2011,Cooperating Schools of Veterinary Medicine,State Funding,nominal dollars,135.0,0.0,0.0,32126329.0,0.0,0.0,0.0,21382619.0,0.0,10743710.0,0.0,0.0,0.0,0.0,0.0,0.0,0.0,0.0,0.0,0.0,0.0,1109748.0,0.0,151828.0,0.0,0.0,0.0,0.0,0.0,0.0,0.0,5729453.0,0.0,0.0,0.0,2293705.0,0.0,0.0,0.0,0.0,0.0,12097885.0,0.0,5586359.0,0.0,0.0,0.0,939977.0,0.0,4217374.0,0.0
2011,National Institute of Food and Agriculture,NIFA Formula,nominal dollars,8224.0,0.0,0.0,2445104612.0,0.0,272720320.0,0.0,645845788.0,0.0,1526538503.0,0.0,154248175.0,0.0,49993676.0,0.0,25979741.0,0.0,0.0,0.0,42498728.0,0.0,119696909.0,0.0,104090042.0,0.0,29076810.0,0.0,11075242.0,0.0,21659582.0,0.0,151660170.0,0.0,7610961.0,0.0,86124378.0,0.0,5157116.0,0.0,299124.0,0.0,109395454.0,0.0,949066579.0,0.0,137504156.0,0.0,255189168.0,0.0,184778600.0,0.0
2011,Other Cooperating Institutions,State Funding,nominal dollars,62.0,0.0,0.0,4462654.0,0.0,0.0,0.0,1338366.0,0.0,3124288.0,0.0,0.0,0.0,0.0,0.0,0.0,0.0,0.0,0.0,0.0,0.0,550902.0,0.0,175352.0,0.0,0.0,0.0,0.0,0.0,0.0,0.0,0.0,0.0,0.0,0.0,0.0,0.0,260866.0,0.0,0.0,0.0,351246.0,0.0,2333067.0,0.0,261229.0,0.0,0.0,0.0,529992.0,0.0
2011,State Agricultural Experiment Station,State Funding,nominal dollars,1244.0,0.0,0.0,466224167.0,0.0,0.0,0.0,157774114.0,0.0,308450053.0,0.0,0.0,0.0,0.0,0.0,0.0,0.0,0.0,0.0,0.0,0.0,35508685.0,0.0,11239873.0,0.0,5785385.0,0.0,4030560.0,0.0,2339447.0,0.0,50845756.0,0.0,25516.0,0.0,15506582.0,0.0,810469.0,0.0,1984682.0,0.0,29697159.0,0.0,172640029.0,0.0,72986719.0,0.0,21124080.0,0.0,41699225.0,0.0
2012,Cooperating Schools of Veterinary Medicine,State Funding,nominal dollars,19.0,0.0,0.0,10532514.0,0.0,0.0,0.0,3719413.0,0.0,6813101.0,0.0,0.0,0.0,0.0,0.0,0.0,0.0,0.0,0.0,0.0,0.0,116.0,0.0,0.0,0.0,0.0,0.0,0.0,0.0,0.0,0.0,3334625.0,0.0,0.0,0.0,384672.0,0.0,0.0,0.0,0.0,0.0,0.0,0.0,3263025.0,0.0,0.0,0.0,6240.0,0.0,3543836.0,0.0
2012,National Institute of Food and Agriculture,NIFA Formula,nominal dollars,8183.0,0.0,0.0,2416697103.0,0.0,283625824.0,0.0,586061885.0,0.0,1547009389.0,0.0,161958629.0,0.0,52757980.0,0.0,28596676.0,0.0,0.0,0.0,40312539.0,0.0,135987869.0,0.0,110684575.0,0.0,30108887.0,0.0,15238371.0,0.0,26727298.0,0.0,77722310.0,0.0,210742.0,0.0,67730848.0,0.0,5807864.0,0.0,275823.0,0.0,115567300.0,0.0,923909110.0,0.0,179629109.0,0.0,250618432.0,0.0,192852739.0,0.0
2012,Other Cooperating Institutions,State Funding,nominal dollars,22.0,0.0,0.0,3938030.0,0.0,0.0,0.0,1285321.0,0.0,2652709.0,0.0,0.0,0.0,0.0,0.0,0.0,0.0,0.0,0.0,0.0,0.0,1075532.0,0.0,49961.0,0.0,0.0,0.0,0.0,0.0,0.0,0.0,0.0,0.0,0.0,0.0,0.0,0.0,0.0,0.0,0.0,0.0,159828.0,0.0,2175082.0,0.0,212581.0,0.0,0.0,0.0,265046.0,0.0
2012,State Agricultural Experiment Station,State Funding,nominal dollars,1114.0,0.0,0.0,426668275.0,0.0,0.0,0.0,129549814.0,0.0,297118461.0,0.0,0.0,0.0,0.0,0.0,0.0,0.0,0.0,0.0,0.0,0.0,32462515.0,0.0,7541999.0,0.0,3893827.0,0.0,4288841.0,0.0,2182689.0,0.0,35057089.0,0.0,58633.0,0.0,13002769.0,0.0,1305436.0,0.0,2117890.0,0.0,27638126.0,0.0,175604095.0,0.0,63460327.0,0.0,21311535.0,0.0,36742506.0,0.0
2013,Cooperating Schools of Veterinary Medicine,State Funding,nominal dollars,11.0,0.0,0.0,10331742.0,0.0,0.0,0.0,2342028.0,0.0,7989714.0,0.0,0.0,0.0,0.0,0.0,0.0,0.0,0.0,0.0,0.0,0.0,498768.0,0.0,0.0,0.0,0.0,0.0,0.0,0.0,0.0,0.0,1529873.0,0.0,0.0,0.0,313387.0,0.0,0.0,0.0,0.0,0.0,0.0,0.0,3073901.0,0.0,0.0,0.0,12016.0,0.0,4903797.0,0.0
2013,National Institute of Food and Agriculture,NIFA Formula,nominal dollars,7919.0,0.0,0.0,2326344252.0,0.0,276433090.0,0.0,549473615.0,0.0,1500437547.0,0.0,158273806.0,0.0,51604642.0,0.0,28218576.0,0.0,0.0,0.0,38336066.0,0.0,131949124.0,0.0,99795827.0,0.0,26953133.0,0.0,10598574.0,0.0,20215178.0,0.0,75945219.0,0.0,1321369.0,0.0,58426016.0,0.0,4326157.0,0.0,188365.0,0.0,119754653.0,0.0,908438685.0,0.0,155431547.0,0.0,248779909.0,0.0,187787405.0,0.0
2013,Other Cooperating Institutions,State Funding,nominal dollars,10.0,0.0,0.0,1310070.0,0.0,0.0,0.0,675530.0,0.0,634540.0,0.0,0.0,0.0,0.0,0.0,0.0,0.0,0.0,0.0,0.0,0.0,591577.0,0.0,0.0,0.0,0.0,0.0,0.0,0.0,0.0,0.0,0.0,0.0,0.0,0.0,0.0,0.0,0.0,0.0,0.0,0.0,83953.0,0.0,572760.0,0.0,0.0,0.0,0.0,0.0,61780.0,0.0
2013,State Agricultural Experiment Station,State Funding,nominal dollars,846.0,0.0,0.0,307933752.0,0.0,0.0,0.0,74294055.0,0.0,233639697.0,0.0,0.0,0.0,0.0,0.0,0.0,0.0,0.0,0.0,0.0,0.0,23619425.0,0.0,5821853.0,0.0,2415844.0,0.0,200629.0,0.0,1130471.0,0.0,11341526.0,0.0,23550.0,0.0,12638214.0,0.0,560812.0,0.0,1436035.0,0.0,15105696.0,0.0,148715157.0,0.0,36463700.0,0.0,19703964.0,0.0,28756876.0,0.0
2014,National Institute of Food and Agriculture,NIFA Formula,nominal dollars,8297.0,0.0,0.0,2268070566.47,0.0,282090117.08999974,0.0,484421674.31000006,0.0,1501558773.1499977,0.0,160348169.13000003,0.0,53487837.40999998,0.0,28139249.94,0.0,325449.0,0.0,39789411.60999999,0.0,125918694.27999996,0.0,83301491.11999999,0.0,21763932.830000002,0.0,12967883.3,0.0,17379485.6,0.0,52101391.57999999,0.0,1951198.0399999998,0.0,45581127.58,0.0,5360371.28,0.0,83945.0,0.0,118012154.51999997,0.0,902286091.3399985,0.0,175782554.52,0.0,230976967.61000007,0.0,192513161.22999993,0.0
2014,National Institute of Food and Agriculture,NIFA Non Formula,nominal dollars,2491.0,369976292.74,0.0,73857410.53,0.0,39158539.79000002,0.0,12276797.920000002,0.0,22422072.479999993,0.0,0.0,0.0,69369.0,0.0,0.0,0.0,39089170.79000002,0.0,0.0,0.0,7045357.52,0.0,925553.25,0.0,301620.64,0.0,0.0,0.0,220383.74,0.0,0.0,0.0,0.0,0.0,273286.30000000005,0.0,1409.34,0.0,0.0,0.0,3509187.13,0.0,12893529.11,0.0,2038194.73,0.0,4833886.979999999,0.0,2656461.6999999997,0.0
2014,State Agricultural Experiment Station,State Funding,nominal dollars,1325.0,0.0,0.0,247591610.98000002,0.0,0.0,0.0,55485122.03,0.0,192106488.99,0.0,0.0,0.0,0.0,0.0,0.0,0.0,0.0,0.0,0.0,0.0,17646659.34,0.0,4568349.25,0.0,831231.0,0.0,161665.0,0.0,4134658.0,0.0,6815777.0600000005,0.0,3767.0,0.0,5405051.46,0.0,1362468.0,0.0,0.0,0.0,14555495.84,0.0,119015383.72999997,0.0,33063398.85,0.0,15559321.780000001,0.0,24468384.880000003,0.0
2015,National Institute of Food and Agriculture,NIFA Formula,nominal dollars,8275.0,0.0,0.0,2226520932.9500012,0.0,296400373.6899993,0.0,430523229.93000007,0.0,1499597329.55,0.0,170654428.32999995,0.0,53607449.410000026,0.0,30216804.419999994,0.0,0.0,0.0,41921691.53999999,0.0,109226253.98000002,0.0,76633745.02,0.0,19930803.02,0.0,23479038.12,0.0,12957749.4,0.0,50948878.29000001,0.0,1505859.0,0.0,27933300.919999998,0.0,4158961.32,0.0,36814.0,0.0,103711826.90000002,0.0,921323760.1199996,0.0,165407526.17999992,0.0,212630556.30999994,0.0,200235486.80999988,0.0
2015,National Institute of Food and Agriculture,NIFA Non Formula,nominal dollars,3427.0,626507342.78,0.0,617833036.8599991,0.0,439390088.28000003,0.0,49351015.500000015,0.0,129091933.23000005,0.0,0.0,0.0,0.0,0.0,0.0,0.0,439390088.28000003,0.0,0.0,0.0,19381071.55,0.0,6003608.5600000005,0.0,1104466.1,0.0,146868.0,0.0,1138715.0,0.0,1385181.76,0.0,0.0,0.0,3539703.05,0.0,142235.84,0.0,0.0,0.0,16509165.34,0.0,71706369.04000004,0.0,6870903.640000001,0.0,26686006.96,0.0,23828653.490000002,0.0
2015,State Agricultural Experiment Station,State Funding,nominal dollars,1344.0,0.0,0.0,288242473.67999995,0.0,0.0,0.0,68120202.28999999,0.0,220122271.33999994,0.0,0.0,0.0,0.0,0.0,0.0,0.0,0.0,0.0,0.0,0.0,17768284.29,0.0,6959824.35,0.0,1056482.65,0.0,1152411.0,0.0,2705340.31,0.0,8480889.1,0.0,0.0,0.0,3314842.2600000002,0.0,1324823.0,0.0,0.0,0.0,25357305.360000007,0.0,129911490.15,0.0,36806344.129999995,0.0,21664535.439999998,0.0,31739901.530000005,0.0
2016,National Institute of Food and Agriculture,NIFA Formula,nominal dollars,8315.0,0.0,0.0,2278438537.1500025,0.0,302701634.67000014,0.0,479918837.5200001,0.0,1495818063.58,0.0,172318531.65999997,0.0,54250593.57000001,0.0,30078844.420000017,0.0,0.0,0.0,46053665.02999999,0.0,122546508.04999995,0.0,82984715.57999998,0.0,20653940.05,0.0,31626930.440000005,0.0,15437528.570000006,0.0,53431438.03000002,0.0,1103278.83,0.0,32132511.239999995,0.0,9273867.120000001,0.0,1895132.67,0.0,108832986.89999999,0.0,910674647.4699981,0.0,138573936.3999999,0.0,235049726.1400001,0.0,211519752.79999983,0.0
2016,National Institute of Food and Agriculture,NIFA Non Formula,nominal dollars,4040.0,604611634.6800001,0.0,681123901.4199996,0.0,512334768.9100005,0.0,49911608.67999998,0.0,118877522.75000001,0.0,0.0,0.0,0.0,0.0,0.0,0.0,512334768.9100005,0.0,0.0,0.0,11719232.439999998,0.0,7917685.74,0.0,858274.01,0.0,520520.0,0.0,1427172.1000000006,0.0,1037849.9299999999,0.0,0.0,0.0,8133996.289999999,0.0,336523.74,0.0,0.0,0.0,17960354.419999998,0.0,49068424.25999999,0.0,13316917.620000001,0.0,21833237.400000002,0.0,34658943.91000001,0.0
2016,State Agricultural Experiment Station,State Funding,nominal dollars,1148.0,0.0,0.0,278475621.6999999,0.0,0.0,0.0,67635812.03,0.0,210839809.88000003,0.0,0.0,0.0,0.0,0.0,0.0,0.0,0.0,0.0,0.0,0.0,22623332.98,0.0,6764185.48,0.0,2014567.0,0.0,1066022.0,0.0,1743520.56,0.0,9452984.67,0.0,112816.0,0.0,2156051.4,0.0,1236365.0,0.0,0.0,0.0,20465966.99,0.0,119090349.56,0.0,32917953.120000005,0.0,23758208.740000002,0.0,35073298.239999995,0.0
2017,National Institute of Food and Agriculture,NIFA Formula,nominal dollars,8217.0,0.0,0.0,2267438398.650003,0.0,312822942.43000054,0.0,447927912.4399999,0.0,1506687543.5199986,0.0,177158506.78,0.0,57628480.95999993,0.0,30160791.439999983,0.0,0.0,0.0,47875163.23999999,0.0,112589016.7700001,0.0,80527404.20000005,0.0,20737865.190000013,0.0,39286524.68,0.0,8486827.95,0.0,58103269.309999995,0.0,5347832.909999999,0.0,20835592.83,0.0,6512903.199999999,0.0,149039.0,0.0,95351636.40999994,0.0,978687199.8199967,0.0,135774668.94999996,0.0,178144254.51000005,0.0,214081420.87999994,0.0
2017,National Institute of Food and Agriculture,NIFA Non Formula,nominal dollars,4500.0,669350930.38,0.0,778902106.8900005,0.0,537670623.0700012,0.0,54890554.400000006,0.0,186340928.78999993,0.0,0.0,0.0,0.0,0.0,0.0,0.0,537670623.0700012,0.0,0.0,0.0,17168669.499999996,0.0,5909265.0,0.0,1778757.9500000004,0.0,1177835.0,0.0,2524067.799999999,0.0,2355068.9199999995,0.0,28293.0,0.0,6190488.829999999,0.0,959910.2800000001,0.0,0.0,0.0,16798198.000000004,0.0,114335134.71000001,0.0,15633240.399999995,0.0,20968853.55000001,0.0,35403700.73000001,0.0
2017,State Agricultural Experiment Station,State Funding,nominal dollars,1001.0,0.0,0.0,260011751.25,0.0,0.0,0.0,52814426.940000005,0.0,207197323.88,0.0,0.0,0.0,0.0,0.0,0.0,0.0,0.0,0.0,0.0,0.0,18734692.63,0.0,6392601.599999999,0.0,1586675.15,0.0,446703.0,0.0,1465944.32,0.0,3795085.12,0.0,320891.0,0.0,518481.48000000004,0.0,1327509.37,0.0,0.0,0.0,18225843.11,0.0,122254482.33999994,0.0,32350685.06,0.0,15483206.280000005,0.0,37108950.379999995,0.0
2018,National Institute of Food and Agriculture,NIFA Formula,nominal dollars,7960.0,0.0,0.0,2184815871.040002,0.0,287449049.68000036,0.0,469748985.8399997,0.0,1427617838.6999986,0.0,159794716.36999995,0.0,55903301.64000002,0.0,30396989.169999987,0.0,0.0,0.0,41354042.480000004,0.0,109988687.89000003,0.0,81034599.18999995,0.0,26483315.41,0.0,27598042.050000004,0.0,14938780.56,0.0,67148092.75,0.0,4891338.3,0.0,27848865.210000005,0.0,8418587.059999999,0.0,62819.0,0.0,101335858.86999996,0.0,898777117.3600011,0.0,115125843.26999995,0.0,150819677.40000004,0.0,262895199.35000014,0.0
2018,National Institute of Food and Agriculture,NIFA Non Formula,nominal dollars,4908.0,764203708.62,0.0,823109179.11,0.0,532909918.08000076,0.0,74635176.32,0.0,215564086.05999988,0.0,0.0,0.0,0.0,0.0,0.0,0.0,532909918.08000076,0.0,0.0,0.0,17739851.36,0.0,6820044.75,0.0,4983452.9399999995,0.0,4507939.13,0.0,1600750.9,0.0,2635123.0100000002,0.0,32128.0,0.0,7612609.65,0.0,1233973.3,0.0,0.0,0.0,27469303.29,0.0,121464548.19000006,0.0,18073949.080000002,0.0,27588474.929999996,0.0,48437114.339999974,0.0
2018,State Agricultural Experiment Station,State Funding,nominal dollars,998.0,0.0,0.0,263914826.71999994,0.0,0.0,0.0,55800416.079999976,0.0,208114410.76,0.0,0.0,0.0,0.0,0.0,0.0,0.0,0.0,0.0,0.0,0.0,15898309.82,0.0,7650804.910000001,0.0,1233347.07,0.0,138435.0,0.0,2970480.6,0.0,6020674.64,0.0,593.0,0.0,1759333.71,0.0,1462568.8900000001,0.0,0.0,0.0,18665868.509999998,0.0,124279288.38999997,0.0,28177564.07,0.0,8758890.91,0.0,46898667.75999999,0.0
2019,National Institute of Food and Agriculture,NIFA Formula,nominal dollars,8019.0,0.0,0.0,2228441205.369997,0.0,287305847.49999946,0.0,511272258.4199999,0.0,1429863099.4499993,0.0,161196114.53999987,0.0,55438906.959999986,0.0,31921080.419999987,0.0,0.0,0.0,38749745.59000002,0.0,125960317.41000013,0.0,82848990.89999998,0.0,26433821.299999997,0.0,36193977.129999995,0.0,17028777.770000003,0.0,78340009.29000002,0.0,6114369.8,0.0,20886174.090000004,0.0,6119975.050000001,0.0,172006.0,0.0,111173839.00000003,0.0,874347107.6499984,0.0,131852637.35999992,0.0,156896855.92000014,0.0,266766498.59999993,0.0
2019,National Institute of Food and Agriculture,NIFA Non Formula,nominal dollars,5134.0,797987702.1,0.0,818323580.0300006,0.0,586142940.5500002,0.0,73686287.97999999,0.0,158494351.90999994,0.0,0.0,0.0,0.0,0.0,0.0,0.0,586142940.5500002,0.0,0.0,0.0,21365669.440000005,0.0,19058684.100000005,0.0,3518730.58,0.0,1775483.0,0.0,2974277.85,0.0,4238115.460000001,0.0,36381.0,0.0,6194900.13,0.0,975580.5,0.0,0.0,0.0,13548465.969999999,0.0,61980386.19000002,0.0,21104918.770000003,0.0,27667787.46000001,0.0,47741259.39999998,0.0
2019,State Agricultural Experiment Station,State Funding,nominal dollars,947.0,0.0,0.0,260605938.62,0.0,0.0,0.0,55496788.13999999,0.0,205109150.96000007,0.0,0.0,0.0,0.0,0.0,0.0,0.0,0.0,0.0,0.0,0.0,17196093.96,0.0,7140550.050000002,0.0,1272404.48,0.0,15351.0,0.0,2650630.38,0.0,10286832.55,0.0,0.0,0.0,817979.63,0.0,548264.5800000001,0.0,0.0,0.0,15568680.959999997,0.0,119789265.98999998,0.0,36462340.010000005,0.0,7779050.7,0.0,41078494.89,0.0
2020,National Institute of Food and Agriculture,NIFA Formula,nominal dollars,7821.0,0.0,0.0,2101095872.0800006,0.0,277519789.56999993,0.0,466712395.28,0.0,1356863689.4999983,0.0,162757283.83000004,0.0,53885110.58000002,0.0,30340091.139999993,0.0,0.0,0.0,30537304.019999996,0.0,117092313.15000004,0.0,66105484.64000001,0.0,27493937.189999998,0.0,24674986.23,0.0,18340884.1,0.0,86448938.24000002,0.0,9514963.370000001,0.0,16220957.319999998,0.0,5718235.899999999,0.0,635674.0,0.0,94466020.99999997,0.0,841309185.7800007,0.0,126884740.72999999,0.0,145480200.13000008,0.0,243189562.71,0.0
2020,National Institute of Food and Agriculture,NIFA Non Formula,nominal dollars,5604.0,921036451.3200003,0.0,1030184129.2200001,0.0,565264260.26,0.0,304201936.18,0.0,160717930.81999984,0.0,0.0,0.0,0.0,0.0,0.0,0.0,565264260.26,0.0,0.0,0.0,26032515.869999994,0.0,7759092.640000001,0.0,2007249.0,0.0,3360209.0,0.0,1298665.44,0.0,3677341.0100000002,0.0,336631.0,0.0,237771877.03,0.0,324983.0,0.0,0.0,0.0,21633372.19,0.0,67960400.41000003,0.0,25770129.319999997,0.0,17624282.87,0.0,49363118.08000001,0.0
2020,State Agricultural Experiment Station,State Funding,nominal dollars,881.0,0.0,0.0,225921873.19999993,0.0,0.0,0.0,50751336.62999999,0.0,175170536.15,0.0,0.0,0.0,0.0,0.0,0.0,0.0,0.0,0.0,0.0,0.0,14265807.919999998,0.0,7334364.18,0.0,866155.03,0.0,110323.0,0.0,2444226.85,0.0,7631157.8,0.0,0.0,0.0,346511.64999999997,0.0,413754.32999999996,0.0,0.0,0.0,17339035.770000003,0.0,109163855.96000002,0.0,29149308.920000006,0.0,5468133.3100000005,0.0,31389237.9,0.0
2021,National Institute of Food and Agriculture,NIFA Formula,nominal dollars,7727.0,0.0,0.0,2126257430.6799982,0.0,295840199.40000015,0.0,502739569.07999915,0.0,1327677662.2299986,0.0,164187318.58000016,0.0,53942814.26,0.0,31670343.42999998,0.0,0.0,0.0,46039723.13000002,0.0,130471387.28000003,0.0,64588548.910000004,0.0,35839776.18,0.0,16834275.9,0.0,21617207.389999997,0.0,94891432.50000001,0.0,8011344.84,0.0,20681520.689999998,0.0,5492870.17,0.0,560400.0,0.0,103750805.33000001,0.0,833661438.0799997,0.0,123343639.52000003,0.0,148118240.48,0.0,222554343.83000004,0.0
2021,National Institute of Food and Agriculture,NIFA Non Formula,nominal dollars,6289.0,1055254775.5800003,0.0,935178017.060001,0.0,666218355.7499996,0.0,108920328.88000004,0.0,160039334.23000008,0.0,0.0,0.0,0.0,0.0,0.0,0.0,666218355.7499996,0.0,0.0,0.0,23728731.700000007,0.0,7007511.5,0.0,3877035.37,0.0,3049255.0,0.0,2207809.83,0.0,6199920.260000001,0.0,850688.22,0.0,22746056.15,0.0,1470430.0,0.0,0.0,0.0,37782888.92,0.0,66976412.38,0.0,14350955.73,0.0,18653009.02,0.0,60058956.90000001,0.0
2021,State Agricultural Experiment Station,State Funding,nominal dollars,919.0,0.0,0.0,183396786.79,0.0,0.0,0.0,49368353.86,0.0,134028432.57999998,0.0,0.0,0.0,0.0,0.0,0.0,0.0,0.0,0.0,0.0,0.0,18746518.41,0.0,5822886.359999999,0.0,1115524.0,0.0,59590.0,0.0,4394471.960000001,0.0,4401282.0,0.0,0.0,0.0,35340.0,0.0,855360.7899999999,0.0,0.0,0.0,13937380.37,0.0,78787849.96000001,0.0,22651756.6,0.0,2113790.9699999997,0.0,30475034.99,0.0
2022,National Institute of Food and Agriculture,NIFA Formula,nominal dollars,28.0,0.0,0.0,0.0,0.0,0.0,0.0,0.0,0.0,0.0,0.0,0.0,0.0,0.0,0.0,0.0,0.0,0.0,0.0,0.0,0.0,0.0,0.0,0.0,0.0,0.0,0.0,0.0,0.0,0.0,0.0,0.0,0.0,0.0,0.0,0.0,0.0,0.0,0.0,0.0,0.0,0.0,0.0,0.0,0.0,0.0,0.0,0.0,0.0,0.0,0.0
2022,National Institute of Food and Agriculture,NIFA Non Formula,nominal dollars,6908.0,1080106279.0600004,0.0,1177588455.55,0.0,834503690.1800001,0.0,182900642.55000004,0.0,160184122.97999996,0.0,0.0,0.0,0.0,0.0,0.0,0.0,834503690.1800001,0.0,0.0,0.0,30122501.04,0.0,9938991.430000002,0.0,1992516.96,0.0,2982081.0,0.0,1429580.28,0.0,3857283.1999999997,0.0,348660.0,0.0,31653309.97,0.0,572294.0,0.0,4910.0,0.0,99998516.66999999,0.0,72186359.26,0.0,19544734.37,0.0,19397592.230000004,0.0,49055437.25999999,0.0
2022,State Agricultural Experiment Station,State Funding,nominal dollars,260.0,0.0,0.0,0.0,0.0,0.0,0.0,0.0,0.0,0.0,0.0,0.0,0.0,0.0,0.0,0.0,0.0,0.0,0.0,0.0,0.0,0.0,0.0,0.0,0.0,0.0,0.0,0.0,0.0,0.0,0.0,0.0,0.0,0.0,0.0,0.0,0.0,0.0,0.0,0.0,0.0,0.0,0.0,0.0,0.0,0.0,0.0,0.0,0.0,0.0,0.0
2023,National Institute of Food and Agriculture,NIFA Non Formula,nominal dollars,7011.0,1713752997.9700005,0.0,1228909379.4899986,0.0,924553067.5900005,0.0,111518697.07999997,0.0,192837616.17000005,0.0,0.0,0.0,0.0,0.0,0.0,0.0,924553067.5900005,0.0,0.0,0.0,26720484.87,0.0,9248199.36,0.0,6114649.57,0.0,1207642.0,0.0,1991785.8800000001,0.0,9963351.63,0.0,586697.24,0.0,8468152.0,0.0,1162669.79,0.0,17255.0,0.0,46037809.750000015,0.0,110448054.64000002,0.0,16985162.33,0.0,16225831.46,0.0,49178567.519999996,0.0
2024,National Institute of Food and Agriculture,NIFA Non Formula,nominal dollars,6814.0,1188836807.0199995,0.0,1324482187.0,0.0,1043397709.1600014,0.0,134175797.49999994,0.0,146908680.13999996,0.0,0.0,0.0,0.0,0.0,0.0,0.0,1043397709.1600014,0.0,0.0,0.0,33572527.38000001,0.0,12589607.31,0.0,7007592.0,0.0,538464.64,0.0,5296080.76,0.0,10864655.12,0.0,0.0,0.0,8077055.0,0.0,3286112.79,0.0,0.0,0.0,52943702.86999998,0.0,71831524.85999998,0.0,14683424.389999993,0.0,15348305.5,0.0,45045425.339999996,0.0
2025,National Institute of Food and Agriculture,NIFA Non Formula,nominal dollars,5964.0,563506049.1,0.0,1339268267.1600013,0.0,1076487191.7100015,0.0,74705175.24999999,0.0,188075899.38999987,0.0,0.0,0.0,0.0,0.0,0.0,0.0,1076487191.7100015,0.0,0.0,0.0,24483238.240000006,0.0,8114694.859999999,0.0,2109298.4,0.0,418866.0,0.0,3146943.42,0.0,2875172.74,0.0,0.0,0.0,8813243.0,0.0,2938400.7,0.0,0.0,0.0,21805318.000000004,0.0,98232597.13000001,0.0,18573283.279999997,0.0,18742834.430000007,0.0,52527184.46000002,0.0
2026,National Institute of Food and Agriculture,NIFA Non Formula,nominal dollars,332.0,4451545.890000001,0.0,55181053.07000001,0.0,50424098.519999996,0.0,2365407.15,0.0,2391547.31,0.0,0.0,0.0,0.0,0.0,0.0,0.0,50424098.519999996,0.0,0.0,0.0,880074.36,0.0,465588.0,0.0,0.0,0.0,0.0,0.0,0.0,0.0,944479.0,0.0,0.0,0.0,0.0,0.0,0.0,0.0,0.0,0.0,75265.79,0.0,682512.5800000001,0.0,85951.15,0.0,16131.0,0.0,1606952.55,0.0
2027,National Institute of Food and Agriculture,NIFA Non Formula,nominal dollars,2.0,0.0,0.0,1026315.0,0.0,1026315.0,0.0,0.0,0.0,0.0,0.0,0.0,0.0,0.0,0.0,0.0,0.0,1026315.0,0.0,0.0,0.0,0.0,0.0,0.0,0.0,0.0,0.0,0.0,0.0,0.0,0.0,0.0,0.0,0.0,0.0,0.0,0.0,0.0,0.0,0.0,0.0,0.0,0.0,0.0,0.0,0.0,0.0,0.0,0.0,0.0,0.0
